{
  "project_info": {
    "project_number": "507538153063",
    "project_id": "bs-qr-app",
    "storage_bucket": "bs-qr-app.firebasestorage.app"
  },
  "client": [
    {
      "client_info": {
        "mobilesdk_app_id": "1:507538153063:android:0ae6c55c379e2dcc883ec2",
        "android_client_info": {
          "package_name": "com.example.clean"
        }
      },
      "oauth_client": [],
      "api_key": [
        {
          "current_key": "AIzaSyCLwx9UlUjBArvlN14_7gGhSAHbXpr8OcM"
        }
      ],
      "services": {
        "appinvite_service": {
          "other_platform_oauth_client": []
        }
      }
    }
  ],
  "configuration_version": "1"
}