{"flutter":{"platforms":{"android":{"default":{"projectId":"bs-qr-app","appId":"1:507538153063:android:0ae6c55c379e2dcc883ec2","fileOutput":"android/app/google-services.json"}},"dart":{"lib/firebase_options.dart":{"projectId":"bs-qr-app","configurations":{"android":"1:507538153063:android:0ae6c55c379e2dcc883ec2","ios":"1:507538153063:ios:67186f56af294f93883ec2","macos":"1:507538153063:ios:67186f56af294f93883ec2","web":"1:507538153063:web:94b8dd7b0c3905b5883ec2","windows":"1:507538153063:web:2c342454b0cd567e883ec2"}}}}}}